INSERT INTO RealEstateAgent(AgentID,AgentName,OfficeName) VALUES('PL1W980','Troy Barnes','Jane Street');
INSERT INTO RealEstateAgent(AgentID,AgentName,OfficeName) VALUES('TE24A32','Scott Malkinson','Optiver');
INSERT INTO RealEstateAgent(AgentID,AgentName,OfficeName) VALUES('JR4345M','Clark Kent','Citadel');
INSERT INTO RealEstateAgent(AgentID,AgentName,OfficeName) VALUES('FQ24V32','Tony Stank','Five Rings');
INSERT INTO RealEstateAgent(AgentID,AgentName,OfficeName) VALUES('BC8P930','Tori Vega','Akuna Capital');
INSERT INTO RealEstateAgent(AgentID,AgentName,OfficeName) VALUES('PP0C930','Mike Diva','Hudson River Trading');
INSERT INTO RealEstateAgent(AgentID,AgentName,OfficeName) VALUES('AL4765N','Steve Rogers','New Orleans');
INSERT INTO Seller(SocialSecurityNumber,SellerName,PhoneNumber,SpouseName) VALUES('632-44-1829','Annie Edison','504-211-9821','Jeff Winger');
INSERT INTO Seller(SocialSecurityNumber,SellerName,PhoneNumber) VALUES('812-90-5870','Annie January','346-889-7470');
INSERT INTO Seller(SocialSecurityNumber,SellerName,PhoneNumber) VALUES('902-10-7891','Kara Danvers','608-902-8873');
INSERT INTO Seller(SocialSecurityNumber,SellerName,PhoneNumber) VALUES('776-32-1321','Mia Dearden','322-529-1190');
INSERT INTO Seller(SocialSecurityNumber,SellerName,PhoneNumber) VALUES('321-32-1552','Kara Zor-El','504-225-9284');
INSERT INTO Seller(SocialSecurityNumber,SellerName,PhoneNumber) VALUES('776-21-4920','Wanda Maximoff','322-529-0090');
INSERT INTO Seller(SocialSecurityNumber,SellerName,PhoneNumber,SpouseName) VALUES('627-89-4001','Oliver Queen','504-221-8794','Felicity Smoak');
INSERT INTO RealEstateAgentPhone(AgentID,PhoneNumber) VALUES('PL1W980','504-928-4412');
INSERT INTO RealEstateAgentPhone(AgentID,PhoneNumber) VALUES('PL1W980','504-928-9201');
INSERT INTO RealEstateAgentPhone(AgentID,PhoneNumber) VALUES('PL1W980','504-928-4410');
INSERT INTO RealEstateAgentPhone(AgentID,PhoneNumber) VALUES('TE24A32','823-882-9010');
INSERT INTO RealEstateAgentPhone(AgentID,PhoneNumber) VALUES('TE24A32','420-520-9241');
INSERT INTO RealEstateAgentPhone(AgentID,PhoneNumber) VALUES('JR4345M','365-830-9124');
INSERT INTO RealEstateAgentPhone(AgentID,PhoneNumber) VALUES('FQ24V32','421-522-2311');
INSERT INTO RealEstateAgentPhone(AgentID,PhoneNumber) VALUES('FQ24V32','421-522-2312');
INSERT INTO RealEstateAgentPhone(AgentID,PhoneNumber) VALUES('BC8P930','504-213-2942');
INSERT INTO RealEstateAgentPhone(AgentID,PhoneNumber) VALUES('BC8P930','504-214-2312');
INSERT INTO House(HomeID,StreetAddress,StateName,SquareFeet,AskingPrice,CommisionPercent,SellerID,AgentID) VALUES('MO92010','Canal St.','Louisiana',24000,1000000,4.25,'632-44-1829','PL1W980');
INSERT INTO House(HomeID,StreetAddress,StateName,SquareFeet,AskingPrice,CommisionPercent,SellerID,AgentID) VALUES('AH42510','822 Donna St.','California',2400,900000,4.25,'632-44-1829','PL1W980');
INSERT INTO House(HomeID,StreetAddress,StateName,SquareFeet,AskingPrice,CommisionPercent,SellerID,AgentID) VALUES('TR21532','709 Dory St.','Louisiana',2500,300000,6.5,'812-90-5870','TE24A32');
INSERT INTO House(HomeID,StreetAddress,StateName,SquareFeet,AskingPrice,CommisionPercent,SellerID,AgentID) VALUES('LK35124','512 Tracy Ln.','Florida',2000,420000,5.5,'902-10-7891','JR4345M');
INSERT INTO House(HomeID,StreetAddress,StateName,SquareFeet,AskingPrice,CommisionPercent,SellerID,AgentID) VALUES('YE24115','908 Lucy St.','New York',1800,440000,6,'776-21-4920','FQ24V32');
INSERT INTO House(HomeID,StreetAddress,StateName,SquareFeet,AskingPrice,CommisionPercent,SellerID,AgentID) VALUES('ER28850','712 Starling St.','California',8040,3500000,2.25,'627-89-4001','BC8P930');
INSERT INTO House(HomeID,StreetAddress,StateName,SquareFeet,AskingPrice,CommisionPercent,SellerID,AgentID) VALUES('YR54315','808 Central Dr.','California',6400,2600000,3.75,'627-89-4001','FQ24V32');
INSERT INTO House(HomeID,StreetAddress,StateName,SquareFeet,AskingPrice,CommisionPercent,SellerID,AgentID) VALUES('FH24512','1008 Tory Rd.','Wyoming',4400,NULL,NULL,'902-10-7891','JR4345M');
INSERT INTO House(HomeID,StreetAddress,StateName,SquareFeet,AskingPrice,CommisionPercent,SellerID,AgentID) VALUES('UI21053','420 Mercy Dr.','Hawaii',800,150000,5,'776-21-4920','BC8P930');
INSERT INTO House(HomeID,StreetAddress,StateName,SquareFeet,AskingPrice,CommisionPercent,SellerID,AgentID) VALUES('AO34612','420 Mercy Rd.','Virginia',4400,NULL,NULL,'902-10-7891','AL4765N');
INSERT INTO Buyer(SocialSecurityNumber,BuyerName,PhoneNumber,LowerPriceLimit,UpperPriceLimit,AgentID) VALUES('521-99-2490','Dejay Khalid','512-920-5819',7000000,9000000,'PL1W980');
INSERT INTO Buyer(SocialSecurityNumber,BuyerName,PhoneNumber,LowerPriceLimit,UpperPriceLimit,AgentID) VALUES('830-21-4120','Bruce Wayne','608-249-1240',100000000,300000000,'PL1W980');
INSERT INTO Buyer(SocialSecurityNumber,BuyerName,PhoneNumber,LowerPriceLimit,UpperPriceLimit,AgentID) VALUES('241-59-2141','Clark Kent','504-212-4920',200000,300000,'JR4345M');
INSERT INTO Buyer(SocialSecurityNumber,BuyerName,PhoneNumber,LowerPriceLimit,UpperPriceLimit,AgentID) VALUES('634-11-5829','Elsa Ragna','900-241-2451',400000,550000,'FQ24V32');
INSERT INTO Buyer(SocialSecurityNumber,BuyerName,PhoneNumber,LowerPriceLimit,UpperPriceLimit,AgentID) VALUES('634-11-2149','Anna Ragna','900-102-4159',300000,380000,'BC8P930');
INSERT INTO Buyer(SocialSecurityNumber,BuyerName,PhoneNumber,LowerPriceLimit,UpperPriceLimit,AgentID) VALUES('721-24-2184','Bruce Banner','214-192-5912',520000,580000,'TE24A32');
INSERT INTO Buyer(SocialSecurityNumber,BuyerName,PhoneNumber,LowerPriceLimit,UpperPriceLimit,AgentID) VALUES('921-54-9484','Aurora Moonlight','285-985-5912',90000,110000,'TE24A32');
COMMIT;
