INSERT INTO RealEstateAgent(AgentID,AgentName,OfficeName) VALUES('PL1W980','Troy Barnes','Jane Street');
INSERT INTO RealEstateAgent(AgentID,AgentName,OfficeName) VALUES('TE24A32','Scott Malkinson','Optiver');
INSERT INTO RealEstateAgent(AgentID,AgentName,OfficeName) VALUES('JR4345M','Clark Kent','Citadel');
INSERT INTO RealEstateAgent(AgentID,AgentName,OfficeName) VALUES('FQ24V32','Tony Stank','Five Rings');
INSERT INTO RealEstateAgent(AgentID,AgentName,OfficeName) VALUES('BC8P930','Tori Vega','Akuna Capital');
INSERT INTO RealEstateAgent(AgentID,AgentName,OfficeName) VALUES('PP0C930','Mike Diva','Hudson River Trading');
INSERT INTO RealEstateAgent(AgentID,AgentName,OfficeName) VALUES('AL4765N','Steve Rogers','New Orleans');
INSERT INTO Seller(SocialSecurityNumber,SellerName,PhoneNumber,SpouseName) VALUES(632441829,'Annie Edison',5042119821,'Jeff Winger');
INSERT INTO Seller(SocialSecurityNumber,SellerName,PhoneNumber) VALUES(812905870,'Annie January',3468897470);
INSERT INTO Seller(SocialSecurityNumber,SellerName,PhoneNumber) VALUES(902107891,'Kara Danvers',6089028873);
INSERT INTO Seller(SocialSecurityNumber,SellerName,PhoneNumber) VALUES(776321321,'Mia Dearden',3225291190);
INSERT INTO Seller(SocialSecurityNumber,SellerName,PhoneNumber) VALUES(321321552,'Kara Zor-El',5042259284);
INSERT INTO Seller(SocialSecurityNumber,SellerName,PhoneNumber) VALUES(776321321,'Mia Dearden',3225291190);INSERT INTO Seller(SocialSecurityNumber,SellerName,PhoneNumber) VALUES(776214920,'Wanda Maximoff',3225290090);
INSERT INTO Seller(SocialSecurityNumber,SellerName,PhoneNumber,SpouseName) VALUES(627894001,'Oliver Queen',5042218794,'Felicity Smoak');
INSERT INTO RealEstateAgentPhone(AgentID,PhoneNumber) VALUES('PL1W980',5049284412);
INSERT INTO RealEstateAgentPhone(AgentID,PhoneNumber) VALUES('PL1W980',5049289201);
INSERT INTO RealEstateAgentPhone(AgentID,PhoneNumber) VALUES('PL1W980',5049284410);
INSERT INTO RealEstateAgentPhone(AgentID,PhoneNumber) VALUES('TE24A32',8238829010);
INSERT INTO RealEstateAgentPhone(AgentID,PhoneNumber) VALUES('TE24A32',4205209241);
INSERT INTO RealEstateAgentPhone(AgentID,PhoneNumber) VALUES('JR4345M',3658309124);
INSERT INTO RealEstateAgentPhone(AgentID,PhoneNumber) VALUES('FQ24V32',4215222311);
INSERT INTO RealEstateAgentPhone(AgentID,PhoneNumber) VALUES('FQ24V32',4215222312);
INSERT INTO RealEstateAgentPhone(AgentID,PhoneNumber) VALUES('BC8P930',5042132942);
INSERT INTO RealEstateAgentPhone(AgentID,PhoneNumber) VALUES('BC8P930',5042142312);
INSERT INTO House(HomeID,StreetAddress,StateName,SquareFeet,AskingPrice,CommisionPercent,SellerID,AgentID) VALUES('AH42510','822 Donna St.','California',2400,900000,4.25,632441829,'PL1W980');
INSERT INTO House(HomeID,StreetAddress,StateName,SquareFeet,AskingPrice,CommisionPercent,SellerID,AgentID) VALUES('TR21532','709 Dory St.','Louisiana',2500,300000,6.5,812905870,'TE24A32');
INSERT INTO House(HomeID,StreetAddress,StateName,SquareFeet,AskingPrice,CommisionPercent,SellerID,AgentID) VALUES('LK35124','512 Tracy Ln.','Florida',2000,420000,5.5,902107891,'JR4345M');
INSERT INTO House(HomeID,StreetAddress,StateName,SquareFeet,AskingPrice,CommisionPercent,SellerID,AgentID) VALUES('YE24115','908 Lucy St.','New York',1800,440000,6,776214920,'FQ24V32');
INSERT INTO House(HomeID,StreetAddress,StateName,SquareFeet,AskingPrice,CommisionPercent,SellerID,AgentID) VALUES('ER28850','712 Starling St.','California',8040,3500000,2.25,627894001,'BC8P930');
INSERT INTO House(HomeID,StreetAddress,StateName,SquareFeet,AskingPrice,CommisionPercent,SellerID,AgentID) VALUES('YR54315','808 Central Dr.','California',6400,2600000,3.75,627894001,'FQ24V32');
INSERT INTO House(HomeID,StreetAddress,StateName,SquareFeet,AskingPrice,CommisionPercent,SellerID,AgentID) VALUES('FH24512','1008 Tory Rd.','Wyoming',4400,NULL,NULL,902107891,'JR4345M');
INSERT INTO House(HomeID,StreetAddress,StateName,SquareFeet,AskingPrice,CommisionPercent,SellerID,AgentID) VALUES('UI21053','420 Mercy Dr.','Hawaii',800,150000,5,776214920,'BC8P930');
INSERT INTO House(HomeID,StreetAddress,StateName,SquareFeet,AskingPrice,CommisionPercent,SellerID,AgentID) VALUES('AO34612','420 Mercy Rd.','Virginia',4400,NULL,NULL,902107891,'AL4765N');
INSERT INTO Buyer(SocialSecurityNumber,BuyerName,PhoneNumber,LowerPriceLimit,UpperPriceLimit,AgentID) VALUES(521992490,'Dejay Khalid',5129205819,7000000,9000000,'PL1W980');
INSERT INTO Buyer(SocialSecurityNumber,BuyerName,PhoneNumber,LowerPriceLimit,UpperPriceLimit,AgentID) VALUES(830214120,'Bruce Wayne',6082491240,100000000,300000000,'PL1W980');
INSERT INTO Buyer(SocialSecurityNumber,BuyerName,PhoneNumber,LowerPriceLimit,UpperPriceLimit,AgentID) VALUES(241592141,'Clark Kent',5042124920,200000,300000,'JR4345M');
INSERT INTO Buyer(SocialSecurityNumber,BuyerName,PhoneNumber,LowerPriceLimit,UpperPriceLimit,AgentID) VALUES(634115829,'Elsa Ragna',9002412451,400000,550000,'FQ24V32');
INSERT INTO Buyer(SocialSecurityNumber,BuyerName,PhoneNumber,LowerPriceLimit,UpperPriceLimit,AgentID) VALUES(634112149,'Anna Ragna',9001024159,300000,380000,'BC8P930');
INSERT INTO Buyer(SocialSecurityNumber,BuyerName,PhoneNumber,LowerPriceLimit,UpperPriceLimit,AgentID) VALUES(721242184,'Bruce Banner',2141925912,520000,580000,'TE24A32');
COMMIT;
